,cluster,num_pixels,mean_velocity,std_velocity
0,5,8,-0.2088441604861047,0.08864052604279182
1,6,17,-0.960314748721399,0.09701425001453332
2,7,5,-0.6038441604861047,0.10954451150103317
