,cluster,num_pixels,mean_velocity,std_velocity
0,3,15,-0.13717749381943803,0.08338093878327921
1,4,15,-0.6905108271527713,0.13870146083619755
