,cluster,num_pixels,mean_velocity,std_velocity
0,0,27,-0.25421453085647505,0.11706281947614156
1,1,3,-0.11717749381943803,0.05773502691896263
