,cluster,num_pixels,mean_velocity,std_velocity
0,0,24,-0.267177493819438,0.1090140264874869
